Background,Genotype_String,Name
1,CLVCGDRASGYHYGVLSCEGCKAFFKRSIQGSVEYTCPATNECKIDKHRRKSCQACRLQKCFEVGMMKEGVRKDRN,AncNR3
2,CLVCGDYASGYHYGVLSCEGCKAFFKRSIQGNVDYTCPASNQCTIDKQRRKSCQACRLQKCFDVGMLKEGVRKDRK,AncNR3 Alt-All
4,CAVCSDYASGYHYGVWSCEGCKAFFKRSIQGHNDYMCPATNQCTIDKNRRKSCQACRLRKCYEVGMMKGGIRKDRR,AncSR1
5,CAVCGDYASGYHYGVWSCEGCKAFFKRSIQGHTDYVCPATNQCTIDKNRRKSCQACRLRKCYEVGMMKGGVRKDRR,AncSR1 Alt-All
6,CQICNDVASGFHYGVWSCEGCKAFFKRSIQGPVDYVCPATNSCTIDKHRRKSCQACRLRKCLEMGMTKGNSRKERG,Annelid SR
7,CQICNDVASGFHYGVWSCEGCKAFFKRSLQGPVDYVCPATNNCTIDKHRRKSCQACRLRKCLEMGMTKGNSRKERG,Sedentarian SR
8,CQICDDAASGFHYGVWSCEGCKAFFKRSLQGPVDYVCPATNNCTIDRHRRKSCQACRLNKCIEMGMSRGNSRKERG,Scolecid SR
9,CQICNDAASGFHYGVWSCEGCKAFFKRSLQGPVDYVCPATNNCTIDRQRRKSCQACRLNKCIEMGMSRGNSRKERG,Scolecid SR Alt-All
10,CAVCNDYASGYHYGVWSCEGCKAFFKRSIQGSVDYVCPATNECTIDKHRRKSCQACRLRKCYEVGMMKGGVRKDRK,AncSR
11,CAVCGDYASGYHYGVWSCEGCKAFFKRSIQGSAEYVCPATNQCTIDKHRRKSCQACRLRKCYEVGMMKGGVRKDRK,AncSR Alt-All
12,CQICDDAASGFHYGVWSCEGCKAFFKRSLQGPVDYVCPATQNCTIDRQRRKSCQACRLNKCIQMGMSRGNCRRERG,C. teleta SR
14,CLVCSDEASGCHYGVLTCEGCKAFFKRAVEGQHNYLCAGRNDCIIDKIRRKNCPACRYRKCLQAGMNLEA-RKTKK,Human GR
19,CQVCNDYASGFHYGVWSCEGCKAFFKRSIQGPVDYVCPATNSCTIDKHRRKSCQACRLRKCYEVGMTKGSQRKERK,Protostome SR
20,CQVCNDYASGFHYGVWSCEGCKAFFKRSIQGPVDYVCPATNTCTIDKHRRKSCQACRLRKCLEVGMNKGNSRKERK,Protostome SR Alt-All
