Background,Genotype_String
AncSarbecovirus_MAP,NITNLCPFGEVFNATSFPSVYAWERMRISNCVADYSVLYNSSSSFSTFKCYGVSPTKLNDLCFSSVYADYFVVKGDDVRQIAPAQTGVIADYNYKLPDDFTGCVIAWNTNSLDSSS--GNNFFYRLFRHGKIKPYERDISNVLYNPAGGTCSSIEGLNCYKPLKSYGFTPTSGVGYQPYRVVVLSFELLNAPATVCGPKQST
AncSarbecovirus_alt,
AncSarbecovirus_alt1_ins117ins118,
AncSarbecovirus_tree1,
AncEurAf_alt,
AncEurAf_tree1,
BM48-31,NITQLCPFNEVFNITSFPSVYAWERMRITNCVADYSVLYNSSASFSTFQCYGVSPTKLNDLCFSSVYADYFVVKGDDVRQIAPAQTGVIADYNYKLPDDFTGCVIAWNTNSLDSS----NEFFYRRFRHGKIKPYGRDLSNVLFNPSGGTCSA-EGLNCYKPLASYGFTQSSGIGFQPYRVVVLSFELLNAPATVCGPKQST
BtKY72,NITNLCPFGQVFNASNFPSVYAWERLRISDCVADYAVLYNSSSSFSTFKCYGVSPTKLNDLCFSSVYADYFVVKGDDVRQIAPAQTGVIADYNYKLPDDFTGCVLAWNTNSVDSKS--GNNFYYRLFRHGKIKPYERDISNVLYNSAGGTCSSISQLGCYEPLKSYGFTPTVGVGYQPYRVVVLSFELLNAPATVCGPKKST
AncAsia_MAP,NITNLCPFGEVFNATTFPSVYAWERKRISNCVADYSVLYNST-SFSTFKCYGVSPTKLNDLCFSNVYADSFVVKGDDVRQIAPGQTGVIADYNYKLPDDFTGCVIAWNTNNLDSSSSGNYNYLYRLFRHSKLKPFERDISNEIYSPGGQPCSGVEGFNCYYPLQSYGFHPTTGVGYQPYRVVVLSFELLNAPATVCGPKLST
AncAsia_alt,
AncAsia_tree1,
AncAsia_tree2,
AncSARS2a_MAP,NITNLCPFGEVFNATTFASVYAWNRKRISNCVADYSVLYNST-SFSTFKCYGVSPTKLNDLCFTNVYADSFVVKGDEVRQIAPGQTGVIADYNYKLPDDFTGCVIAWNSNNLDSKTGGNYNYLYRLFRKSKLKPFERDISTEIYQAGSTPCNGVEGFNCYYPLQSYGFHPTTGVGYQPYRVVVLSFELLNAPATVCGPKLST
AncSARS2a_alt,
AncSARS2c_MAP,NITNLCPFGEVFNATTFASVYAWNRKRISNCVADYSVLYNST-SFSTFKCYGVSPTKLNDLCFTNVYADSFVIRGDEVRQIAPGQTGKIADYNYKLPDDFTGCVIAWNSNNLDSKVGGNYNYLYRLFRKSNLKPFERDISTEIYQAGSTPCNGVEGFNCYFPLQSYGFHPTNGVGYQPYRVVVLSFELLNAPATVCGPKKST
SARS-CoV-2,NITNLCPFGEVFNATRFASVYAWNRKRISNCVADYSVLYNSA-SFSTFKCYGVSPTKLNDLCFTNVYADSFVIRGDEVRQIAPGQTGKIADYNYKLPDDFTGCVIAWNSNNLDSKVGGNYNYLYRLFRKSNLKPFERDISTEIYQAGSTPCNGVEGFNCYFPLQSYGFQPTNGVGYQPYRVVVLSFELLHAPATVCGPKKST
RaTG13,NITNLCPFGEVFNATTFASVYAWNRKRISNCVADYSVLYNST-SFSTFKCYGVSPTKLNDLCFTNVYADSFVITGDEVRQIAPGQTGKIADYNYKLPDDFTGCVIAWNSKHIDAKEGGNFNYLYRLFRKANLKPFERDISTEIYQAGSKPCNGQTGLNCYYPLYRYGFYPTDGVGHQPYRVVVLSFELLNAPATVCGPKKST
GD-Pangolin,NITNLCPFGEVFNATTFASVYAWNRKRISNCVADYSVLYNST-SFSTFKCYGVSPTKLNDLCFTNVYADSFVVRGDEVRQIAPGQTGRIAXYNYKLPDDFTGCVIAWNSNNLDSKVGGNYNYLYRLFRKSNLKPFERDISTEIYQAGSTPCNGVEGFNCYFPLQSYGFHPTNGVGYQPYRVVVLSFELLXAPATVCGPKQST
GX-Pangolin,NITNLCPFGEVFNASKFASVYAWNRKRISNCVADYSVLYNST-SFSTFKCYGVSPTKLNDLCFTNVYADSFVVKGDEVRQIAPGQTGVIADYNYKLPDDFTGCVIAWNSVKQDALTGGNYGYLYRLFRKSKLKPFERDISTEIYQAGSTPCNGQVGLNCYYPLERYGFHPTTGVNYQPFRVVVLSXELLNGPATVCGPKLST
AncSARS1a_MAP,NITNLCPFGEVFNATTFPSVYAWERKRISNCVADYSVLYNST-SFSTFKCYGVSATKLNDLCFSNVYADSFVVKGDDVRQIAPGQTGVIADYNYKLPDDFMGCVLAWNTNNLDSSSSGNYNYLYRSLRHSKLKPFERDISNDIYSPGGQPCS-AVGFNCYYPLNSYGFFTTNGVGYQPYRVVVLSFELLNAPATVCGPKLST
AncSARS1a_alt,
AncSARS1a_tree1,
AncSARS1a_tree2,
AncSARS1c_MAP,
AncSARS-CoV-1_MAP,
AncSARS-CoV-1_alt,
SARS-CoV-1_Sin852_HP03L,NITNLCPFGEVFNATKFPSVYAWERKKISNCVADYFVLYNST-FFSTFKCYGVSATKLNDLCFSNVYADSFVVKGDDVRQIAPGQTGVIADYNYKLPDDFMGCVLAWNTRNIDATSTGNYNYKYRYLRHGKLRPFERDISNVPFSPDGKPCT-PPALNCYWPLNDYGFYTTTGIGYQPYRVVVLSFELLNAPATVCGPKLST
SARS-CoV-1_GZ-C_HP03L,NITNLCPFGEVFNATKFPSVYAWERKKISNCVADYSVLYNST-FFSTFKCYGVSATKLNDLCFSNVYADSFVVKGDDVRQIAPGQTGVIADYNYKLPDDFMGCVLAWNTRNIDATSTGNHNYKYRYLRHGKLRPFERDISNVPFSPDGKPCT-PPALNCYWPLNDYGFYTTTGIGYQPYRVVVLSFELLNAPATVCGPKLST
SARS-CoV-1_Sino1-11_HP03L,NITNLCPFGEVFNATKFPSVYAWERKKISNCVADYSVLYNST-FFSTFKCYGVSATKLNDLCFSNVYADSFVVKGDDVRQIAPGQTGVIADYNYKLPDDFMGCVLAWNTRNIDATSTGNYNYKYRSLRHGKLRPFERDISNVPFSPDGKPCT-PPALNCYWPLNDYGFYTTTGIGYQPYRVVVLSFELLNAPATVCGPKLST
SARS-CoV-1_Urbani_HP03L,NITNLCPFGEVFNATKFPSVYAWERKKISNCVADYSVLYNST-FFSTFKCYGVSATKLNDLCFSNVYADSFVVKGDDVRQIAPGQTGVIADYNYKLPDDFMGCVLAWNTRNIDATSTGNYNYKYRYLRHGKLRPFERDISNVPFSPDGKPCT-PPALNCYWPLNDYGFYTTTGIGYQPYRVVVLSFELLNAPATVCGPKLST
SARS-CoV-1_HGZ8L1-A_HP03E,NITNLCPFGEVFNATKFPSVYAWERKRISNCVADYSVLYNST-FFSTFKCYGVSATKLNDLCFSNVYADSFVVKGDDVRQIAPGQTGVIADYNYKLPDDFMGCVLAWNTRNIDATSTGNYNYKYRYLRHGKLRPFERDISNVPFSPDGKPCT-PPALNCYWPLNDYGFYTTTGIGYQPYRVVVLSFELLNAPATVCGPKLST
SARS-CoV-1_GD01_HP03L,NITNLCPFGEVFNATKFPSVYAWERKRISNCVADYSVLYNST-FFSTFKCYGVSATKLNDLCFSNVYADSFVVKGDDVRQIAPGQTGVIADYNYKLPDDFMGCVLAWNTRNIDATSTGNYNYKYRYLRHGKLRPFERDISNVPFSPDGKPCT-PPALNCYWPLNDYGFYTTTGIGYQPYRVVVLSYELLNAPATVCGPKLST
SARS-CoV-1_PC4-127_PC04,NITNLCPFGEVFNATKFPSVYAWERKRISNCVADYSVLYNST-SFSTFKCYGVSATKLNDLCFSNVYADSFVVKGDDVRQIAPGQTGVIADYNYKLPDDFMGCVLAWNTRNIDATSTGNYNYKYRYLRHGKLRPFERDISNVPFSPDGKPCT-PPAPNCYWPLRGYGFYTTSGIGYQPYRVVVLSFELLNAPATVCGPKLST
SARS-CoV-1_PC4-13_PC04,NITNLCPFGEVFNATKFPPVYAWERKRISNCVADYSVLYNST-SFSTFKCYGVSATKLNDLCFSNVYADSFVVKGDDVRQIAPGQTGVIADYNYKLPDDFMGCVLAWNTRNIDATSTGNYNYKYRYLRHGKLRPFERDISNVPFSSDGKPCT-PPAPNCYWPLRGYGFYTTSGIGYQPYRVVVLSFELLNAPATVCGPKLST
SARS-CoV-1_PC4-137_PC04,NITNLCPFGEVFNATKFPSVYAWERKRISNCVADYSVLYNST-SFSTFKCYGVSATKLNDLCFSNVYADSFVVKGDDVRQIAPGQTGVIADYNYKLPDDFMGCVLAWNTRNIDATSTGNYNYKYRYLRHGKLRPFERDISNVPFSPDGKPCT-PPAPNCYWPLKGYGFYTTSGIGYQPYRVVVLSFELLNAPATVCGPKLST
SARS-CoV-1_GD03T0013_HP04,NITNLCPFGEVFNATKFPSVYAWERKRISNCVADYSVLYNST-SFSTFKCYGVSATKLNDLCFSNVYADSFVVKGDDVRQIAPGQTGVIADYNYKLPDDFMGCVLAWNTRNIDATSTGNYNYKYRYLRHGKLRPFERDISNVPFSPDGKPCT-PPAPNCYWPLNGYGFYTTSGIGYQPYRVVVLSFELLNAPATVCGPKLST
SARS-CoV-1_GZ0402_HP04,NITNLCPFGEVFNATKFPSVYAWERKRISNCVADYSVLYNST-SFSTFKCYGVSATKLNDLCFSNVYADSFVVKGDDVRQIAPGQTGVIADYNYKLPDDFMGCVLAWNIRNIDATSTGNYNYKYRYLRHGKLRPFERDISNVPFSPDGKPCT-PPAPNCYWPLNGYGFYTTSGIGYQPYRVVVLSFELLNAPATVCGPKLST
SARS-CoV-1_SZ1_PC03,NITNLCPFGEVFNATKFPSVYAWERKRISNCVADYSVLYNST-SFSTFKCYGVSATKLNDLCFSNVYADSFVVKGDDVRQIAPGQTGVIADYNYKLPDDFMGCVLAWNTRNIDATSTGNYNYKYRYLRHGKLRPFERDISNVPFSPDGKPCT-PPALNCYWPLKDYGFYTTSGIGYQPYRVVVLSFELLNAPATVCGPKLST
LYRa11,NITNLCPFGEVFNATTFPSVYAWERKRISNCVADYSVLYNST-SFSTFKCYGVSAIKLNDLCFSNVYADSFVVKGDDVRQIAPGQTGVIADYNYKLPDDFMGCVLAWNTRNIDATSSGNFNYKYRSLRHGKLRPFERDISNVPFSPDGKPCT-PPAFNCYWPLNDYGFYTTNGIGYQPYRVVVLSFELLNAPATVCGPKLST
WIV1,NITNLCPFGEVFNATTFPSVYAWERKRISNCVADYSVLYNST-SFSTFKCYGVSATKLNDLCFSNVYADSFVVKGDDVRQIAPGQTGVIADYNYKLPDDFTGCVLAWNTRNIDATQTGNYNYKYRSLRHGKLRPFERDISNVPFSPDGKPCT-PPAFNCYWPLNDYGFYITNGIGYQPYRVVVLSFELLNAPATVCGPKLST
Rs7327,NITNLCPFGEVFNATTFPSVYAWERKRISNCVADYSVLYNST-SFSTFKCYGVSATKLNDLCFSNVYADSFVVKGDDVRQIAPGQTGVIADYNYKLPDDFMGCVLAWNTRNIDATSTGNYNYKYRSLRHGKLRPFERDISNVPFSPDGKPCT-PPAFNCYWPLNDYGFFTTNGIGYQPYRVVVLSFELLNAPATVCGPKLST
Rs4231,NITNLCPFGEVFNATTFPSVYAWERKRISNCVADYSVLYNST-SFSTFKCYGVSATKLNDLCFSNVYADSFVVKGDDVRQIAPGQTGVIADYNYKLPDDFLGCVLAWNTNSKDSSTSGNYNYLYRWVRRSKLNPYERDLSNDIYSPGGQSCS-AIGPNCYNPLRPYGFFTTAGVGHQPYRVVVLSFELLNAPATVCGPKLST
RsSHC014,NITNLCPFGEVFNATTFPSVYAWERKRISNCVADYSVLYNST-SFSTFKCYGVSATKLNDLCFSNVYADSFVVKGDDVRQIAPGQTGVIADYNYKLPDDFLGCVLAWNTNSKDSSTSGNYNYLYRWVRRSKLNPYERDLSNDIYSPGGQSCS-AVGPNCYNPLRPYGFFTTAGVGHQPYRVVVLSFELLNAPATVCGPKLST
Rs4084,NITNLCPFGEVFNATTFPSVYAWERKRISNCVADYSILYNST-SFSTFKCYGVSATKLNDLCFSNVYADSFVVKGDDVRQIAPGQTGVIADYNYKLPDDFLGCVLAWNTNSKDSSTSGNYNYLYRWVRRSKLNPYERDLSNDIYSPGGQSCS-AVGPNCYNPLRPYGFFTTAGVGHQPYRVVVLSFELLNAPATVCGPKLST
AncClade2_MAP,NITNLCPFDKVFNATRFPSVYAWERTKISDCVADYTVLYNST-SFSTFKCYGVSPSKLIDLCFTSVYADTFLIRSSEVRQVAPGETGVIADYNYKLPDDFTGCVIAWNTAKQDTGS-----YFYRSHRKTKLKPFERDLSSDDG-------------NGVYTLSTYDFNPNVPVAYQATRVVVLSFELLNAPATVCGPKLST
AncClade2_alt,
AncClade2_tree2,
AncClade2_alt1_subs-only,
AncClade2_alt2_del1-only,
AncClade2_alt3_del2-only,
AncClade2_alt4_dels-only,
Rf4092,NITNLCPFDAVFNATRFPSVYAWERVKISNCVADYTAFYNST-SFSTFKCYGVSPSKLIDLCFTSVYADTFLIRFSEVRQVAPGETGVIADYNYKLPDDFTGCVIAWNTAKQDVGS-----YFYRSHRSSKLKPFERDLSSDE--------------NGVRTLSTYDFNPNVPLDYQATRVVVLSFELLNAPATVCGPKLST
RmYN02,NITNFCPFDKVFNATRFPNVYAWQRTKISDCIADYTVLYNST-SFSTFKCYGVSPSKLIDLCFTSVYADTFLIRFSEVRQIAPGETGVIADYNYKLPDDFTGCVLAWNTAQQDIGS-----YFYRSHRAVKLKPFERDLSSDE--------------NGVRTLSTYDFNPNVPLDYQATRVVVLSFELLNAPATVCGPKLST
YN2013,NITNRCPFDSIFNASRFPSVYAWERTKISDCVADYTVLYNST-LFSTFKCYGVSPSKLIDLCFTSVYADTFLIRFSEVRQVAPGETGVIADYNYRLPDDFTGCVIAWNTANQDVGS-----YFYRSHRSTKLKPFERDLSSDE--------------NGVRTLSTYDFNPNVPLDYQATRVVVLSFELLNAPATVCGPKLST
ZC45,NITNVCPFHKVFNATRFPSVYAWERTKISDCIADYTVFYNST-SFSTFKCYGVSPSKLIDLCFTSVYADTFLIRFSEVRQVAPGQTGVIADYNYKLPDDFTGCVIAWNTAKQDVGN-----YFYRSHRSTKLKPFERDLSSDE--------------NGVRTLSTYDFNPNVPLEYQATRVVVLSFELLNAPATVCGPKLST
ZXC21,NITNVCPFHKVFNATRFPSVYAWERTKISDCIADYTVFYNST-SFSTFKCYGVSPSKLIDLCFTSVYADTFLIRFSEVRQVAPGQTGVIADYNYKLPDDFTGCVIAWNTAKQDTGH-----YFYRSHRSTKLKPFERDLSSDE--------------NGVRTLSTYDFNPNVPLEYQATRVVVLSFELLNAPATVCGPKLST
Rf1,NITNLCPFDKVFNATRFPSVYAWERTKISDCVADYTVFYNST-SFSTFNCYGVSPSKLIDLCFTSVYADTFLIRFSEVRQVAPGQTGVIADYNYKLPDDFTGCVIAWNTAKQDVGS-----YFYRSHRSSKLKPFERDLSSEE--------------NGVRTLSTYDFNQNVPLEYQATRVVVLSFELLNAPATVCGPKLST
JL2012,NITNVCPFDKVFNATRFPSVYAWERTKISDCVADYTVFYNST-SFSTFNCYGVSPSKLIDLCFTSVYADTFLIRFSEVRQVAPGQTGVIADYNYKLPDDFIGCVIAWNTAKQDVGS-----YFYRSHRSSKLKPFERDLSSEE--------------NGVLTLSTYDFNQNVPLEYQATRVVVLSFELLNAPATVCGPKLST
273-2005,NITNLCPFDKVFNATRFPSVYAWERTKISDCVADYTVFYNST-SFSTFNCYGVSPSKLIDLCFTSVYADTFLIRFSEVRQVAPGQTGVIADYNYKLPDDFTGCVIAWNTAKQDVGS-----YFYRSHRSSKLKPFERDLSSVE--------------ENGRTLSTYDFNQNVPLEYQATRVVVLSFELLNAPATVCGPKLST
HeB2013,NITNLCPFDKVFNATRFPSVYAWERTKISDCVADYTVFYNST-SFSTFNCYGVSPSKLIDLCFTSVYADTFLIRFSEVRQVAPGQTGVIADYNYKLPDDFTGCVIAWNTAKQDVGS-----YFYRSHRSSKLKPFERDLSSEE--------------NGVRTLSTYDFNQYVPLEYQATRVVVLSFELLNAPATVCGPKLST
HuB2013,NITNRCPFDRVFNASRFPSVYAWERTKISDCVADYTVLYNST-SFSTFKCYGVSPSKLIDLCFTSVYADTFLIRSSEVRQVAPGETGVIADYNYKLPDDFTGCVIAWNTAKQDTGY-----YYYRSHRKTKLKPFERDLSSDDG-------------NGVYTLSTYDFNPNVPVAYQATRVVVLSFELLNAPATVCGPKLST
Rs4247,NITNRCPFDKVFNASRFPNVYAWERTKISDCVADYTVLYNST-SFSTFKCYGVSPSKLIDLCFTSVYADTFLIRSSEVRQVAPGETGVIADYNYKLPDDFTGCVIAWNTAKQDTGH-----YYYRSHRKTKLKPFERDLSSDDG-------------NGVYTLSTYDFNPNVPVAYQATRVVVLSFELLNAPATVCGPKLST
Longquan-140,NITNRCPFDKVFNVTRFPNVYAWERTKISDCVADYTVLYNST-SFSTFKCYGVSPSKLIDLCFTSVYADTFLIRSSEVRQVAPGETGVIADYNYKLPDDFTGCVIAWNTAKQDIGN-----YYYRSHRKTKLKPFERDLSSDDG-------------NGVYTLSTYDFNPNVPVAYQATRVVVLSFELLNAPATVCGPKLST
HKU3-8,NITNRCPFDRVFNASRFPSVYAWERTKISECVADYTVLYNST-SFSTFKCYGVSPSKLIDLCFTSVYADTFLIRSSEVRQVAPGETGVIADYNYKLPDDFTGCVIAWNTAKQDTGN-----YYYRSHRKTKLKPFERDLSSDDG-------------NGVYTLSTYDFNPNVPVAYQATRVVVLSFELLNAPATVCGPKLST
HKU3-1,NITNRCPFDKVFNATRFPNVYAWERTKISDCVADYTVLYNST-SFSTFKCYGVSPSKLIDLCFTSVYADTFLIRSSEVRQVAPGETGVIADYNYKLPDDFTGCVIAWNTAKHDTGN-----YYYRSHRKTKLKPFERDLSSDDG-------------NGVYTLSTYDFNPNVPVAYQATRVVVLSFELLNAPATVCGPKLST
GX2013,NITNRCPFDKVFNATRFPNVYAWERTKISDCVADYTVLYNST-SFSTFKCYGVSPSKLIDLCFTSVYADTFLIRSSEVRQVAPGETGVIADYNYKLPDDFTGCVIAWNTAKQDTGN-----YYYRSHRKTKLKPFERDLSSDDG-------------NGVYTLSTYDFNPNVPVAYQATRVVVLSFELLNAPATVCGPKLST
Shaanxi2011,NITNRCPFDKVFNATRFPSVYAWERTKISDCVADYTVLYNST-SFSTFKCYGVSPSKLIDLCFTSVYADTFLIRSSEVRQVAPGETGVIADYNYKLPDDFTGCVIAWNTANQDQGQ-----YYYRSSRKEKLKPFERDLSSDE--------------NGVYTLSTYDFYPSVPLDYQATRVVVLSFELLNAPATVCGPKLST
279-2005,NITNRCPFDKVFNASRFPNVYAWERTKISDCVADYTVLYNST-SFSTFKCYGVSPSKLIDLCFTSVYADTFLIRSSEVRQVAPGETGVIADYNYKLPDDFTGCVIAWNTAQQDQGQ-----YYYRSYRKEKLKPFERDLSSDE--------------NGVYTLSTYDFYPSIPVEYQATRVVVLSFELLNAPATVCGPKLST
As6526,NITNRCPFDKVFNATRFPSVYAWERTKISDCVADYTVLYNST-SFSTFKCYGVSPSKLIDLCFTSVYADTFLIRSSEVRQVAPGETGVIADYNYKLPDDFTGCVIAWNTAQQDKGQ-----YYYRSSRKTKLKPFERDLSSDE--------------NGVRTLSTYDFYPTVPIEYQATRVVVLSFELLNAPATVCGPKLST
Yunnan2011,NITNRCPFDRVFNASRFPSVYAWERTKISDCVADYTVLYNST-SFSTFKCYGVSPSKLIDLCFTSVYADTFLIRFSEVRQIAPGETGVIADYNYKLPDEFTGCVIAWNTANQDRGQ-----YYYRSSRKTKLKPFERDLSSDE--------------NGVRTLSTYDFYPSVPLEYQATRVVVLSFELLNAPATVCGPKLST
Rs4237,NITNRCPFDKVFNASRFPNVYAWERTKISDCVADYTVLYNST-SFSTFKCYGVSPSKLIDLCFTSVYADTFLIRSSEVRQVAPGETGVIADYNYKLPDDFTGCVIAWNTAKQDQGQ-----YYYRSSRKTKLKPFERDLSSDE--------------NGVRTLSTYDFYPTVPIEYQATRVVVLSFELLNAPATVCGPKLST
Rs4081,NITNRCPFDKVFNASRFPNVYAWERTKISDCVADYTVLYNST-SFSTFKCYGVSPSKLIDLCFTSVYADTFLIRSSEVRQVAPGETGVIADYNYKLPDDFTGCVIAWNTAKQDQGQ-----YYYRSSRKTKLKPFERDLTSDE--------------NGVRTLSTYDFYPNVPIEYQATRVVVLSFELLNAPATVCGPKLST
Rp3,NITNRCPFDKVFNATRFPNVYAWERTKISDCVADYTVLYNST-SFSTFKCYGVSPSKLIDLCFTSVYADTFLIRSSEVRQVAPGETGVIADYNYKLPDDFTGCVIAWNTAKQDQGQ-----YYYRSHRKTKLKPFERDLSSDE--------------NGVRTLSTYDFYPSVPVAYQATRVVVLSFELLNAPATVCGPKLST
